
/*配置表*/
insert into `config_kv`(config_key,config_value,info,status)values("","","",1);
insert into `config_kv`(config_key,config_value,info,status)values("","","",1);

/*行业*/
insert into `config_industry`(id,parent_id,qy_type,name,type,status)values(1,0,0,"农、林、牧、渔业",1,1);
insert into `config_industry`(id,parent_id,qy_type,name,type,status)values(101,3,0,"农业",1,1);
insert into `config_industry`(id,parent_id,qy_type,name,type,status)values(102,1,0,"林业",1,1);
insert into `config_industry`(id,parent_id,qy_type,name,type,status)values(103,1,0,"畜牧业",1,1);
insert into `config_industry`(id,parent_id,qy_type,name,type,status)values(104,1,0,"渔业",1,1);
insert into `config_industry`(id,parent_id,qy_type,name,type,status)values(105,1,0,"农、林、牧、渔专业及辅助性专业",1,1);

insert into `config_industry`(id,parent_id,qy_type,name,type,status)values(2,0,0,"采矿业",1,1);
insert into `config_industry`(id,parent_id,qy_type,name,type,status)values(201,2,0,"煤炭开采和洗选业",1,1);
insert into `config_industry`(id,parent_id,qy_type,name,type,status)values(202,2,0,"石油和天然气开采业",1,1);
insert into `config_industry`(id,parent_id,qy_type,name,type,status)values(203,2,0,"黑色金属矿采选业",1,1);
insert into `config_industry`(id,parent_id,qy_type,name,type,status)values(204,2,0,"有色金属矿采选业",1,1);
insert into `config_industry`(id,parent_id,qy_type,name,type,status)values(205,2,0,"非金属矿采选业",1,1);
insert into `config_industry`(id,parent_id,qy_type,name,type,status)values(206,2,0,"开采专业及辅助性活动",1,1);
insert into `config_industry`(id,parent_id,qy_type,name,type,status)values(207,2,0,"其他采矿业",1,1);

insert into `config_industry`(id,parent_id,qy_type,name,type,status)values(3,0,0,"制造业",1,1);
insert into `config_industry`(id,parent_id,qy_type,name,type,status)values(301,3,0,"冶金制造业",1,1);
insert into `config_industry`(id,parent_id,qy_type,name,type,status)values(302,3,0,"石化制造业",1,1);
insert into `config_industry`(id,parent_id,qy_type,name,type,status)values(303,3,0,"化工制造业",1,1);
insert into `config_industry`(id,parent_id,qy_type,name,type,status)values(304,3,0,"建材制造业",1,1);
insert into `config_industry`(id,parent_id,qy_type,name,type,status)values(305,3,0,"机械设备制造业",1,1);
insert into `config_industry`(id,parent_id,qy_type,name,type,status)values(306,3,0,"运输设备制造业",1,1);
insert into `config_industry`(id,parent_id,qy_type,name,type,status)values(307,3,0,"电子设备制造业",1,1);
insert into `config_industry`(id,parent_id,qy_type,name,type,status)values(308,3,0,"纺织服装制造业",1,1);
insert into `config_industry`(id,parent_id,qy_type,name,type,status)values(309,3,0,"食品、酒、茶制造业",1,1);
insert into `config_industry`(id,parent_id,qy_type,name,type,status)values(310,3,0,"烟草制造业",1,1);
insert into `config_industry`(id,parent_id,qy_type,name,type,status)values(311,3,0,"医药制造业",1,1);
insert into `config_industry`(id,parent_id,qy_type,name,type,status)values(312,3,0,"轻工制造业",1,1);
insert into `config_industry`(id,parent_id,qy_type,name,type,status)values(313,3,0,"其他制造业",1,1);

insert into `config_industry`(id,parent_id,qy_type,name,type,status)values(4,0,0,"电力、热力、燃气及水生产供应业",1,1);
insert into `config_industry`(id,parent_id,qy_type,name,type,status)values(401,4,0,"电力、热力生产和供应业",1,1);
insert into `config_industry`(id,parent_id,qy_type,name,type,status)values(402,4,0,"燃气生产和供应业",1,1);
insert into `config_industry`(id,parent_id,qy_type,name,type,status)values(403,4,0,"水的生产和供应业",1,1);

insert into `config_industry`(id,parent_id,qy_type,name,type,status)values(5,0,0,"建筑业",1,1);
insert into `config_industry`(id,parent_id,qy_type,name,type,status)values(501,5,0,"房屋建筑业",1,1);
insert into `config_industry`(id,parent_id,qy_type,name,type,status)values(502,5,0,"土木工程建筑业",1,1);
insert into `config_industry`(id,parent_id,qy_type,name,type,status)values(503,5,0,"建筑安装业",1,1);
insert into `config_industry`(id,parent_id,qy_type,name,type,status)values(504,5,0,"建筑装饰、装修和其他建筑业",1,1);

insert into `config_industry`(id,parent_id,qy_type,name,type,status)values(6,0,0,"服务业",1,1);
insert into `config_industry`(id,parent_id,qy_type,name,type,status)values(601,6,0,"批发和零售业",1,1);
insert into `config_industry`(id,parent_id,qy_type,name,type,status)values(602,6,0,"交通运输、仓储和邮政业",1,1);
insert into `config_industry`(id,parent_id,qy_type,name,type,status)values(603,6,0,"住宿和餐饮业",1,1);
insert into `config_industry`(id,parent_id,qy_type,name,type,status)values(604,6,0,"信息传输、软件和信息技术服务业",1,1);
insert into `config_industry`(id,parent_id,qy_type,name,type,status)values(605,6,0,"金融业",1,1);
insert into `config_industry`(id,parent_id,qy_type,name,type,status)values(606,6,0,"房地产业",1,1);
insert into `config_industry`(id,parent_id,qy_type,name,type,status)values(607,6,0,"租赁和商业服务业",1,1);
insert into `config_industry`(id,parent_id,qy_type,name,type,status)values(608,6,0,"科学研究与技术服务业",1,1);
insert into `config_industry`(id,parent_id,qy_type,name,type,status)values(609,6,0,"水利、环境和公共设施管理业",1,1);
insert into `config_industry`(id,parent_id,qy_type,name,type,status)values(610,6,0,"居民服务、修理及其他服务业",1,1);
insert into `config_industry`(id,parent_id,qy_type,name,type,status)values(611,6,0,"教育",1,1);
insert into `config_industry`(id,parent_id,qy_type,name,type,status)values(612,6,0,"卫生和社会工作",1,1);
insert into `config_industry`(id,parent_id,qy_type,name,type,status)values(613,6,0,"文化、体育和娱乐业",1,1);

insert into `config_industry`(id,parent_id,qy_type,name,type,status)values(7,0,0,"其他类型组织",1,1);
insert into `config_industry`(id,parent_id,qy_type,name,type,status)values(701,7,0,"其他类型组织",1,1);


insert into `config_industry`(parent_id,qy_type,name,type,status)values(0,0,"总经办",2,1);
insert into `config_industry`(parent_id,qy_type,name,type,status)values(0,0,"人事部",2,1);
insert into `config_industry`(parent_id,qy_type,name,type,status)values(0,0,"产品部",2,1);
insert into `config_industry`(parent_id,qy_type,name,type,status)values(0,0,"运维部",2,1);
insert into `config_industry`(parent_id,qy_type,name,type,status)values(0,0,"设计部",2,1);
insert into `config_industry`(parent_id,qy_type,name,type,status)values(0,0,"销售部",2,1);
insert into `config_industry`(parent_id,qy_type,name,type,status)values(0,0,"市场部",2,1);
insert into `config_industry`(parent_id,qy_type,name,type,status)values(0,0,"运营部",2,1);
insert into `config_industry`(parent_id,qy_type,name,type,status)values(0,0,"业务部",2,1);
insert into `config_industry`(parent_id,qy_type,name,type,status)values(0,0,"财务部",2,1);
insert into `config_industry`(parent_id,qy_type,name,type,status)values(0,0,"行政部",2,1);
insert into `config_industry`(parent_id,qy_type,name,type,status)values(0,0,"其他部门",2,1);


insert into `config_industry`(parent_id,qy_type,name,type,status)values(0,0,"员工",3,1);
insert into `config_industry`(parent_id,qy_type,name,type,status)values(0,0,"负责人",3,1);



insert into `config_question_category`(name,category_type,qy_type,qy_type_name,weight,status)values("组织战略",0,0,"标准",7,1);
insert into `config_question_category`(name,category_type,qy_type,qy_type_name,weight,status)values("技术基础",1,0,"标准",17,1);
insert into `config_question_category`(name,category_type,qy_type,qy_type_name,weight,status)values("仓储物流",2,0,"标准",15,1);
insert into `config_question_category`(name,category_type,qy_type,qy_type_name,weight,status)values("采购销售",3,0,"标准",20,1);
insert into `config_question_category`(name,category_type,qy_type,qy_type_name,weight,status)values("生产设计",4,0,"标准",34,1);
insert into `config_question_category`(name,category_type,qy_type,qy_type_name,weight,status)values("职能支持",5,0,"标准",7,1);

insert into `config_question_category`(name,category_type,qy_type,qy_type_name,weight,status)values("组织战略",0,1,"无仓储物流企业",8,1);
insert into `config_question_category`(name,category_type,qy_type,qy_type_name,weight,status)values("技术基础",1,1,"无仓储物流企业",19,1);
insert into `config_question_category`(name,category_type,qy_type,qy_type_name,weight,status)values("仓储物流",2,1,"无仓储物流企业",0,1);
insert into `config_question_category`(name,category_type,qy_type,qy_type_name,weight,status)values("采购销售",3,1,"无仓储物流企业",23,1);
insert into `config_question_category`(name,category_type,qy_type,qy_type_name,weight,status)values("生产设计",4,1,"无仓储物流企业",40,1);
insert into `config_question_category`(name,category_type,qy_type,qy_type_name,weight,status)values("职能支持",5,1,"无仓储物流企业",10,1);

insert into `config_question_category`(name,category_type,qy_type,qy_type_name,weight,status)values("组织战略",0,2,"无生产有设计企业",7,1);
insert into `config_question_category`(name,category_type,qy_type,qy_type_name,weight,status)values("技术基础",1,2,"无生产有设计企业",20,1);
insert into `config_question_category`(name,category_type,qy_type,qy_type_name,weight,status)values("仓储物流",2,2,"无生产有设计企业",17,1);
insert into `config_question_category`(name,category_type,qy_type,qy_type_name,weight,status)values("采购销售",3,2,"无生产有设计企业",0,1);
insert into `config_question_category`(name,category_type,qy_type,qy_type_name,weight,status)values("生产设计",4,2,"无生产有设计企业",46,1);
insert into `config_question_category`(name,category_type,qy_type,qy_type_name,weight,status)values("职能支持",5,2,"无生产有设计企业",8,1);

insert into `config_question_category`(name,category_type,qy_type,qy_type_name,weight,status)values("组织战略",0,3,"无设计企业",6,1);
insert into `config_question_category`(name,category_type,qy_type,qy_type_name,weight,status)values("技术基础",1,3,"无设计企业",18,1);
insert into `config_question_category`(name,category_type,qy_type,qy_type_name,weight,status)values("仓储物流",2,3,"无设计企业",16,1);
insert into `config_question_category`(name,category_type,qy_type,qy_type_name,weight,status)values("采购销售",3,3,"无设计企业",22,1);
insert into `config_question_category`(name,category_type,qy_type,qy_type_name,weight,status)values("生产设计",4,3,"无设计企业",23,1);
insert into `config_question_category`(name,category_type,qy_type,qy_type_name,weight,status)values("职能支持",5,3,"无设计企业",7,1);

insert into `config_question_category`(name,category_type,qy_type,qy_type_name,weight,status)values("组织战略",0,4,"无生产无设计企业",8,1);
insert into `config_question_category`(name,category_type,qy_type,qy_type_name,weight,status)values("技术基础",1,4,"无生产无设计企业",22,1);
insert into `config_question_category`(name,category_type,qy_type,qy_type_name,weight,status)values("仓储物流",2,4,"无生产无设计企业",18,1);
insert into `config_question_category`(name,category_type,qy_type,qy_type_name,weight,status)values("采购销售",3,4,"无生产无设计企业",0,1);
insert into `config_question_category`(name,category_type,qy_type,qy_type_name,weight,status)values("生产设计",4,4,"无生产无设计企业",22,1);
insert into `config_question_category`(name,category_type,qy_type,qy_type_name,weight,status)values("职能支持",5,4,"无生产无设计企业",10,1);




insert into `config_question`(id,parent_id,category_type,category_name,question_name,trigger_type,trigger_condition,sort,weight,title,type,status)
values(1,0,0,"组织战略","战略规划",1,"",1,0,"企业已经制定了明确的数字化转型战略，并将其与整体业务战略相结合",1,1);
insert into `config_question`(id,parent_id,category_type,category_name,question_name,trigger_type,trigger_condition,sort,weight,title,type,status)
values(2,1,0,"组织战略","战略规划",0,"{'score':60,'condition':'gt'}",2,0,"企业数字化转型战略已经取得了显著的成果，各部门之间的协同和信息共享已经实现",1,1);
insert into `config_question`(id,parent_id,category_type,category_name,question_name,trigger_type,trigger_condition,sort,weight,title,type,status)
values(3,1,0,"组织战略","战略规划",0,"{'score':60,'condition':'lte'}",2,0,"企业已初步确定数字化转型的方向，并建立相关的指标绩效考核",1,1);
insert into `config_question`(id,parent_id,category_type,category_name,question_name,trigger_type,trigger_condition,sort,weight,title,type,status)
values(4,2,0,"组织战略","战略规划",0,"{'score':60,'condition':'gt'}",3,0,"企业能够基于大数据分析对内外部环境展开分析、预测、指导，实现对数据驱动业务",1,1);
insert into `config_question`(id,parent_id,category_type,category_name,question_name,trigger_type,trigger_condition,sort,weight,title,type,status)
values(5,3,0,"组织战略","战略规划",0,"{'score':60,'condition':'lte'}",3,0,"企业正在初步探讨数字化转型的可能性和潜在影响",1,1);

insert into `config_question`(id,parent_id,category_type,category_name,question_name,trigger_type,trigger_condition,sort,weight,title,type,status)
values(6,0,0,"组织战略","组织结构",1,"",6,0,"企业已经设立了负责数字化转型的专门部门或者职能",1,1);
insert into `config_question`(id,parent_id,category_type,category_name,question_name,trigger_type,trigger_condition,sort,weight,title,type,status)
values(7,6,0,"组织战略","组织结构",0,"{'score':60,'condition':'gt'}",7,0,"企业的组织结构已经实现了跨部门的高效协同，为数字化转型提供了有力支撑",1,1);
insert into `config_question`(id,parent_id,category_type,category_name,question_name,trigger_type,trigger_condition,sort,weight,title,type,status)
values(8,6,0,"组织战略","组织结构",0,"{'score':60,'condition':'lte'}",7,0,"企业已经在组织结构上做出改变，以更好地适应数字化转型",1,1);
insert into `config_question`(id,parent_id,category_type,category_name,question_name,trigger_type,trigger_condition,sort,weight,title,type,status)
values(9,7,0,"组织战略","组织结构",0,"{'score':60,'condition':'gt'}",8,0,"企业已经实现了全面的数字化组织结构，并能够根据业务需求快速调整",1,1);
insert into `config_question`(id,parent_id,category_type,category_name,question_name,trigger_type,trigger_condition,sort,weight,title,type,status)
values(10,8,0,"组织战略","组织结构",0,"{'score':60,'condition':'lte'}",8,0,"企业已经意识到数字化转型对于组织结构的影响，并正在进行初步的尝试",1,1);


insert into `config_question`(id,parent_id,category_type,category_name,question_name,trigger_type,trigger_condition,sort,weight,title,type,status)
values(21,0,1,"技术基础","数据治理",1,"",21,0,"企业已经建立了具体的数据规范，所有的数据收集和使用都需要遵守这些规范",1,1);
insert into `config_question`(id,parent_id,category_type,category_name,question_name,trigger_type,trigger_condition,sort,weight,title,type,status)
values(22,21,1,"技术基础","数据治理",0,"{'score':60,'condition':'gt'}",22,0,"企业的数据规范、质量控制和安全机制已经达到了较完善水平，能够保证数据的安全隐私、准确一致",1,1);
insert into `config_question`(id,parent_id,category_type,category_name,question_name,trigger_type,trigger_condition,sort,weight,title,type,status)
values(23,21,1,"技术基础","数据治理",0,"{'score':60,'condition':'lte'}",22,0,"企业已经认识到数据质量与数据安全的重要性，并已经开始初步的质量、安全控制工作。",1,1);
insert into `config_question`(id,parent_id,category_type,category_name,question_name,trigger_type,trigger_condition,sort,weight,title,type,status)
values(25,23,1,"技术基础","数据治理",0,"{'score':60,'condition':'lte'}",23,0,"企业对数据规范、质量和安全的重要性有基本认识，但还未开始实际的工作",1,1);

insert into `config_question`(id,parent_id,category_type,category_name,question_name,trigger_type,trigger_condition,sort,weight,title,type,status)
values(26,0,1,"技术基础","数据技术",1,"",26,0,"企业已经建立了全面的数据收集系统，可以覆盖所有重要业务流程的数据收集，并具备良好的数据备份和恢复能力",1,1);
insert into `config_question`(id,parent_id,category_type,category_name,question_name,trigger_type,trigger_condition,sort,weight,title,type,status)
values(27,26,1,"技术基础","数据技术",0,"{'score':60,'condition':'gt'}",27,0,"企业已经使用高级数据处理工具（如python）或者使用商业化的数据分析平台进行数据分析，并能够根据数据分析结果进行决策",1,1);
insert into `config_question`(id,parent_id,category_type,category_name,question_name,trigger_type,trigger_condition,sort,weight,title,type,status)
values(28,26,1,"技术基础","数据技术",0,"{'score':60,'condition':'lte'}",27,0,"企业已经开始构建基础的数据收集和存储系统，并使用基本的数据分析工具（Excel等）进行日常的数据处理和分析",1,1);
insert into `config_question`(id,parent_id,category_type,category_name,question_name,trigger_type,trigger_condition,sort,weight,title,type,status)
values(29,28,1,"技术基础","数据技术",0,"{'score':60,'condition':'lte'}",28,0,"企业认识到数据的重要性，正在考虑或者规划建立数据收集、存储、分析的管理规范与制度",1,1);

insert into `config_question`(id,parent_id,category_type,category_name,question_name,trigger_type,trigger_condition,sort,weight,title,type,status)
values(30,0,1,"技术基础","技术应用",1,"",30,0,"企业已将云计算技术广泛应用于各个业务领域，并业务处理的效率和灵活性的提升",1,1);
insert into `config_question`(id,parent_id,category_type,category_name,question_name,trigger_type,trigger_condition,sort,weight,title,type,status)
values(31,0,1,"技术基础","技术应用",1,"",31,0,"企业已经实现了基于人工智能的自动化决策，显著提高了决策的效率和准确性",1,1);




insert into `config_question`(id,parent_id,category_type,category_name,question_name,trigger_type,trigger_condition,sort,weight,title,type,status)
values(41,0,2,"仓储物流","仓储自动化",1,"",41,0,"企业已经实现了仓库数据的实时采集与存储，例如库存变动、入库、出库等操作，数据能够在短时间内更新到系统中",1,1);
insert into `config_question`(id,parent_id,category_type,category_name,question_name,trigger_type,trigger_condition,sort,weight,title,type,status)
values(42,41,2,"仓储物流","仓储自动化",0,"{'score':60,'condition':'gt'}",42,0,"企业已经能够通过分析仓储数据，对库存管理、拣选效率和库存周转率进行改进和优化，对仓储风险进行预警",1,1);
insert into `config_question`(id,parent_id,category_type,category_name,question_name,trigger_type,trigger_condition,sort,weight,title,type,status)
values(43,41,2,"仓储物流","仓储自动化",0,"{'score':60,'condition':'lte'}",42,0,"企业已经具备基础的仓储管理系统，能够进行库存的基本管理和跟踪，例如库存查询、商品入库、出库等功能",1,1);
insert into `config_question`(id,parent_id,category_type,category_name,question_name,trigger_type,trigger_condition,sort,weight,title,type,status)
values(44,43,2,"仓储物流","仓储自动化",0,"{'score':60,'condition':'lte'}",43,0,"企业正在规划和实施基础的仓储管理系统，以满足库存查询、商品入库、出库等基本管理和跟踪需求",1,1);

insert into `config_question`(id,parent_id,category_type,category_name,question_name,trigger_type,trigger_condition,sort,weight,title,type,status)
values(45,0,2,"仓储物流","物流实时追踪",1,"",45,0,"企业的物流信息已经实现了全程可追踪，并能进行的物流状态分析，找到物流效率的短板",1,1);
insert into `config_question`(id,parent_id,category_type,category_name,question_name,trigger_type,trigger_condition,sort,weight,title,type,status)
values(46,45,2,"仓储物流","物流实时追踪",0,"{'score':60,'condition':'gt'}",46,0,"企业已经能运用物流数据分析，优化物流路径，实现了运输时间的明显降低",1,1);
insert into `config_question`(id,parent_id,category_type,category_name,question_name,trigger_type,trigger_condition,sort,weight,title,type,status)
values(47,45,2,"仓储物流","物流实时追踪",0,"{'score':60,'condition':'lte'}",46,0,"企业的物流信息能实现有效追踪，具备追踪物流异常情况的能力",1,1);

insert into `config_question`(id,parent_id,category_type,category_name,question_name,trigger_type,trigger_condition,sort,weight,title,type,status)
values(48,0,2,"仓储物流","物流自动化",1,"",48,0,"3.3.1 企业已应用自动化设备（如AGV、无人机、自动分拣设备等）进行物流管理",1,1);
insert into `config_question`(id,parent_id,category_type,category_name,question_name,trigger_type,trigger_condition,sort,weight,title,type,status)
values(49,48,2,"仓储物流","物流自动化",0,"{'score':60,'condition':'gt'}",49,0,"企业已经利用智能仓储系统和自动化设备实现了全天候无人值守的物流操作",1,1);
insert into `config_question`(id,parent_id,category_type,category_name,question_name,trigger_type,trigger_condition,sort,weight,title,type,status)
values(50,48,2,"仓储物流","物流自动化",0,"{'score':60,'condition':'lte'}",49,0,"企业已经认识到自动化设备对物流管理的价值，具备完善的物流管理规范，并有部署自动化设备的规划",1,1);




insert into `config_question`(id,parent_id,category_type,category_name,question_name,trigger_type,trigger_condition,sort,weight,title,type,status)
values(61,0,3,"采购销售","采购计划",1,"",61,0,"企业已经利用数字化工具，如ERP系统，实现采购需求预测，并能基于历史销售数据、库存水平和市场变化进行动态调整",1,1);
insert into `config_question`(id,parent_id,category_type,category_name,question_name,trigger_type,trigger_condition,sort,weight,title,type,status)
values(62,61,3,"采购销售","采购计划",0,"{'score':60,'condition':'gt'}",62,0,"企业已经实现采购预测模型的自动化，能够针对不同的产品线进行个性化预测，并根据市场变化动态优化模型",1,1);
insert into `config_question`(id,parent_id,category_type,category_name,question_name,trigger_type,trigger_condition,sort,weight,title,type,status)
values(63,61,3,"采购销售","采购计划",0,"{'score':60,'condition':'lte'}",62,0,"企业已经建立了完善的采购管理制度，具备基于历史销售数据和库存水平的基础采购预测方法，能够使用一些数字工具帮助进行采购管理",1,1);

insert into `config_question`(id,parent_id,category_type,category_name,question_name,trigger_type,trigger_condition,sort,weight,title,type,status)
values(64,0,3,"采购销售","销售管理",1,"",64,0,"企业已经实现了销售自动化系统的全面应用，所有销售活动，包括销售预测、订单管理、销售业绩跟踪等都在一个系统内进行",1,1);
insert into `config_question`(id,parent_id,category_type,category_name,question_name,trigger_type,trigger_condition,sort,weight,title,type,status)
values(65,64,3,"采购销售","销售管理",0,"{'score':60,'condition':'gt'}",65,0,"企业已经实现了借助AI、大数据等技术帮助，基于历史销售数据的销售预测模型，能够准确预测未来一段时间的销售情况，帮助决策",1,1);
insert into `config_question`(id,parent_id,category_type,category_name,question_name,trigger_type,trigger_condition,sort,weight,title,type,status)
values(66,64,3,"采购销售","销售管理",0,"{'score':60,'condition':'lte'}",65,0,"企业已经建立了基础的销售管理系统，可以对销售活动进行跟踪和管理",1,1);
insert into `config_question`(id,parent_id,category_type,category_name,question_name,trigger_type,trigger_condition,sort,weight,title,type,status)
values(67,66,3,"采购销售","销售管理",0,"{'score':60,'condition':'lte'}",66,0,"企业的销售管理主要依赖人工，具备完善的管理制度和流程",1,1);

insert into `config_question`(id,parent_id,category_type,category_name,question_name,trigger_type,trigger_condition,sort,weight,title,type,status)
values(68,0,3,"采购销售","客户管理",1,"",68,0,"企业已经实现了客户关系管理（CRM）系统的全面应用，所有客户信息都集中在一个系统内，便于查询和管理",1,1);
insert into `config_question`(id,parent_id,category_type,category_name,question_name,trigger_type,trigger_condition,sort,weight,title,type,status)
values(69,68,3,"采购销售","客户管理",0,"{'score':60,'condition':'gt'}",69,0,"企业已经实现了基于AI的客户细分功能，可以根据客户行为数据自动划分客户群体，为不同的客户群体提供个性化服务",1,1);
insert into `config_question`(id,parent_id,category_type,category_name,question_name,trigger_type,trigger_condition,sort,weight,title,type,status)
values(70,68,3,"采购销售","客户管理",0,"{'score':60,'condition':'lte'}",69,0,"企业已经建立了基础的客户管理系统，可以对客户信息进行跟踪和管理",1,1);
insert into `config_question`(id,parent_id,category_type,category_name,question_name,trigger_type,trigger_condition,sort,weight,title,type,status)
values(71,70,3,"采购销售","客户管理",0,"{'score':60,'condition':'lte'}",70,0,"企业的客户管理主要依赖人工，具备完善的管理制度和流程",1,1);


insert into `config_question`(id,parent_id,category_type,category_name,question_name,trigger_type,trigger_condition,sort,weight,title,type,status)
values(81,0,4,"生产设计","产品/服务设计",1,"",81,0,"企业在产品/服务的设计过程中，已经部署应用计算机辅助工程（CAE）工具和产品生命周期管理（PLM）系统，设计数据能够实现企业内部共享与实时访问",1,1);
insert into `config_question`(id,parent_id,category_type,category_name,question_name,trigger_type,trigger_condition,sort,weight,title,type,status)
values(82,81,4,"生产设计","产品/服务设计",0,"{'score':60,'condition':'gt'}",82,0,"企业已经将虚拟现实（VR）或增强现实（AR）技术整合到产品/服务设计流程中，虚拟验证结果也会实时更新到设计数据库中，供所有相关部门参考和使用",1,1);
insert into `config_question`(id,parent_id,category_type,category_name,question_name,trigger_type,trigger_condition,sort,weight,title,type,status)
values(83,81,4,"生产设计","产品/服务设计",0,"{'score':60,'condition':'lte'}",82,0,"企业产品/服务的设计依靠手绘草图与计算机软件工具的辅助，设计数据主要依靠电子邮件和文件共享服务进行",1,1);


insert into `config_question`(id,parent_id,category_type,category_name,question_name,trigger_type,trigger_condition,sort,weight,title,type,status)
values(84,0,4,"生产设计","生产计划与智能制造",1,"",84,0,"在企业的生产过程中，已经实施了基于数据的生产计划和调度系统，并通过引入智能化设备（如机器人、自动化生产线、AI质量检测等）提高生产效率",1,1);
insert into `config_question`(id,parent_id,category_type,category_name,question_name,trigger_type,trigger_condition,sort,weight,title,type,status)
values(85,84,4,"生产设计","生产计划与智能制造",0,"{'score':60,'condition':'gt'}",85,0,"企业的生产计划和调度系统能实时反应市场需求变化，并据此自动优化生产流程。同时，智能化设备已经实现了与生产计划和调度系统的深度融合，以实现整体的生产流程优化",1,1);
insert into `config_question`(id,parent_id,category_type,category_name,question_name,trigger_type,trigger_condition,sort,weight,title,type,status)
values(86,84,4,"生产设计","生产计划与智能制造",0,"{'score':60,'condition':'lte'}",85,0,"贵公司正在将数据应用到生产流程的基本环节中，并且在部分工序引入了自动化设备，不过数据的收集和使用尚未形成统一的生产指挥体系",1,1);

insert into `config_question`(id,parent_id,category_type,category_name,question_name,trigger_type,trigger_condition,sort,weight,title,type,status)
values(87,0,4,"生产设计","质量监测与预测性维护",1,"",87,0,"企业已经实现了产品质量的实时监测，并可以通过收集和分析设备数据预测可能的设备故障，以便提前进行维护，避免影响生产",1,1);
insert into `config_question`(id,parent_id,category_type,category_name,question_name,trigger_type,trigger_condition,sort,weight,title,type,status)
values(88,87,4,"生产设计","质量监测与预测性维护",0,"{'score':60,'condition':'gt'}",88,0,"企业的质量检测和预测性维护系统已经实现了自动化，可以在无需人工干预的情况下自动进行质量检测和设备故障预测，并且已经将这些数据与生产计划系统进行了整合，实现了生产过程的全面自动化",1,1);
insert into `config_question`(id,parent_id,category_type,category_name,question_name,trigger_type,trigger_condition,sort,weight,title,type,status)
values(89,87,4,"生产设计","质量监测与预测性维护",0,"{'score':60,'condition':'lte'}",88,0,"企业具备完善的产品质量监测和设备故障预测的管理规范与流程，并通过软件系统辅助进行这些工作",1,1);


insert into `config_question`(id,parent_id,category_type,category_name,question_name,trigger_type,trigger_condition,sort,weight,title,type,status)
values(90,0,4,"生产设计","能源与资源管理",1,"",90,0,"企业已经实现了能源与资源管理的可视化，并利用物联网设备收集实时数据，能够确地分析能源与资源使用情况",1,1);
insert into `config_question`(id,parent_id,category_type,category_name,question_name,trigger_type,trigger_condition,sort,weight,title,type,status)
values(91,90,4,"生产设计","能源与资源管理",0,"{'score':60,'condition':'gt'}",91,0,"企业已经实现了能源、资源管理的自动化和智能化，具备通过大数据分析与人工智能预测性优化调度来降低能源消耗",1,1);
insert into `config_question`(id,parent_id,category_type,category_name,question_name,trigger_type,trigger_condition,sort,weight,title,type,status)
values(92,90,4,"生产设计","能源与资源管理",0,"{'score':60,'condition':'lte'}",91,0,"贵公司正在采用基本数据分析工具，如电子表格，进行能源与资源管理，并且具备完善的管理制度与流程",1,1);

insert into `config_question`(id,parent_id,category_type,category_name,question_name,trigger_type,trigger_condition,sort,weight,title,type,status)
values(101,0,5,"职能支持","人力资源",1,"",101,0,"企业在招聘过程中已经使用在线招聘平台和社交媒体进行候选人筛选和评估、并通过系统后台梳理候选人数据",1,1);
insert into `config_question`(id,parent_id,category_type,category_name,question_name,trigger_type,trigger_condition,sort,weight,title,type,status)
values(102,101,5,"职能支持","人力资源",0,"{'score':60,'condition':'gt'}",102,0,"企业在人力资源管理方面，已经实施了系统的流程规划和管理",1,1);
insert into `config_question`(id,parent_id,category_type,category_name,question_name,trigger_type,trigger_condition,sort,weight,title,type,status)
values(103,101,5,"职能支持","人力资源",0,"{'score':60,'condition':'lte'}",102,0,"企业已实现薪酬管理和员工培训的在线化，能够实时准确的掌握员工的业绩与成长情况。",1,1);
insert into `config_question`(id,parent_id,category_type,category_name,question_name,trigger_type,trigger_condition,sort,weight,title,type,status)
values(104,103,5,"职能支持","人力资源",0,"{'score':60,'condition':'lte'}",103,0,"企业通过对人力资源数据的挖掘和分析，能够对招聘、培训和绩效管理等方面进行精准预测和优化。",1,1);

insert into `config_question`(id,parent_id,category_type,category_name,question_name,trigger_type,trigger_condition,sort,weight,title,type,status)
values(105,0,5,"职能支持","财务管理",1,"",105,0,"企业已经部署财务管理系统，能够实现财务报告的快速生成和实时更新",1,1);
insert into `config_question`(id,parent_id,category_type,category_name,question_name,trigger_type,trigger_condition,sort,weight,title,type,status)
values(106,105,5,"职能支持","财务管理",0,"{'score':60,'condition':'gt'}",106,0,"企业已实现财务数据的实时采集与分析，财务数据与业务数据有效整合，实现了财务决策的快速响应和跨部门协同",1,1);
insert into `config_question`(id,parent_id,category_type,category_name,question_name,trigger_type,trigger_condition,sort,weight,title,type,status)
values(107,105,5,"职能支持","财务管理",0,"{'score':60,'condition':'lte'}",106,0,"企业已采用软件或工具辅助财务报告生成，并具备对财务管理完善的规范与流程",1,1);

insert into `config_question`(id,parent_id,category_type,category_name,question_name,trigger_type,trigger_condition,sort,weight,title,type,status)
values(108,0,5,"职能支持","法务合规",1,"",107,0,"企业已经成功实施在线法务管理系统，实现合同审批、电子签章以及法务风险预警等功能，从而实现了法务工作效率的提升和风险防范能力的增强",1,1);
insert into `config_question`(id,parent_id,category_type,category_name,question_name,trigger_type,trigger_condition,sort,weight,title,type,status)
values(109,107,5,"职能支持","法务合规",0,"{'score':60,'condition':'lte'}",108,0,"企业已经建立了完善的法务管理流程，并通过软件工具辅助法务流程管理",1,1);


insert into `config_question`(id,parent_id,category_type,category_name,question_name,trigger_type,trigger_condition,sort,weight,title,type,status)
values(110,0,5,"职能支持","文化支撑",1,"",110,0,"企业的文化鼓励员工积极探索和应用数字化、自动化、智能化等先进技术，鼓励跨部门合作和信息共享。",1,1);




insert into `config_gpt_call_content`(level,type,title,call_content,limit_content,dynamic_params,sort,status)
values(1,0,"现状描述","企业数字化转型的水平从低到高分别是规划级、规范级、集成级、优化级、引领级五个级别。
规划级：企业应该开始对实施智能制造的基础和条件进行规划，能够对核心业务活动（设计、生产、物流、销售、服务）进行流程化管理
规范级：企业应采用自动化技术、信息手段对核心装备和核心业务活动等进行改造和规范，实现单一业务活动的数据共享
集成级：企业应对装备、系统等开展集成，实现跨业务活动间的数据共享
优化级：企业应对人员、资源、制造等进行数据挖掘，形成知识、模型等，实现对核心业务活动的精准预测和优化
引领级：企业应基于模型持续驱动业务活动的优化和创新，实现产业链协同并衍生新的制造模式和商业模式
  我企业所属的行业是{{industry}}，我的企业处于{{all_score}}水平，请用三句话简单描述一下我的企业数字化转型水平的现状","","",1,1);
  insert into `config_gpt_call_content`(level,type,title,call_content,limit_content,dynamic_params,sort,status)
values(1,0,"现状描述","若将企业的数字化转型分为组织战略、技术基础、仓储物流，采购销售，生产设计，运营支撑六个模块，其中：
1. 组织战略指的是企业的人员素养、战略规划
2. 技术基础指的是数据标准、数据采集、数据分析等技术工具
3. 仓储物流指的是仓储、物流环节
4. 采购销售指的是采购、销售环节
5. 生产设计指的是产品或服务设计、产品或服务的生产、工艺设计、设备管理
6. 运营支持指的是财务、法务、人力数字化支持
    我的企业在以上环节的分数分别为（满分100分）：【{{0_score}}，{{1_score}}，{{2_score}}，{{3_score}}，{{4_score}}，{{5_score}}】，请用客观理性又慷慨激昂的、正义凌然的三句话指出我企业在数字化转型上的优势","","",2,1);

insert into `config_gpt_call_content`(level,type,title,call_content,limit_content,dynamic_params,sort,status)
values(1,0,"现状描述","请指出我企业在数字化转型上的现阶段的两个劣势是什么及其对应原因？请用公正客观的、直击要害的、一针见血的语言分别描述一下，限制三句话以内。","","",3,1);


insert into `config_gpt_call_content`(level,type,title,call_content,limit_content,dynamic_params,sort,status)
values(1,1,"提升空间","针对我的企业数字化转型的情况，请针对分数最低的两个模块给我可落地的现阶段的数字化转型可提升重点与提升后预估回报，给出两条，限制在4句话以内","","",4,1);

insert into `config_gpt_call_content`(level,type,title,call_content,limit_content,dynamic_params,sort,status)
values(1,2,"发展建议","基于我企业的状况，请给出三条利于企业数字化转型的具体的、可落地的发展建议，限制在6句话，在此建议中要推荐企业数字化转型课程和专家如企咨询","","",5,1);



insert into `config_gpt_call_content`(level,type,title,call_content,limit_content,dynamic_params,sort,status)
values(2,0,"现状描述","企业数字化转型的水平从低到高分别是规划级、规范级、集成级、优化级、引领级五个级别。
规划级：企业应该开始对实施智能制造的基础和条件进行规划，能够对核心业务活动（设计、生产、物流、销售、服务）进行流程化管理
规范级：企业应采用自动化技术、信息手段对核心装备和核心业务活动等进行改造和规范，实现单一业务活动的数据共享
集成级：企业应对装备、系统等开展集成，实现跨业务活动间的数据共享
优化级：企业应对人员、资源、制造等进行数据挖掘，形成知识、模型等，实现对核心业务活动的精准预测和优化
引领级：企业应基于模型持续驱动业务活动的优化和创新，实现产业链协同并衍生新的制造模式和商业模式
  我企业所属的行业是{{industry}}，我的企业处于{{all_score}}水平
  请用三句话简单描述一下我的企业数字化转型水平的现状","","",1,1);

  insert into `config_gpt_call_content`(level,type,title,call_content,limit_content,dynamic_params,sort,status)
values(2,0,"现状描述","若将企业的数字化转型分为组织战略、技术基础、仓储物流，采购销售，生产设计，运营支撑六个模块，其中：
1. 组织战略指的是企业的人员素养、战略规划
2. 技术基础指的是数据标准、数据采集、数据分析等技术工具
3. 仓储物流指的是仓储、物流环节
4. 采购销售指的是采购、销售环节
5. 生产设计指的是产品或服务设计、产品或服务的生产、工艺设计、设备管理
6. 运营支持指的是财务、法务、人力数字化支持
    我的企业在以上环节的分数分别为（满分100分）：【{{0_score}}，{{1_score}}，{{2_score}}，{{3_score}}，{{4_score}}，{{5_score}}】，请用客观理性又慷慨激昂的、一针见血的两句话总结出我企业在数字化转型上的优势和劣势","","",1,1);


insert into `config_gpt_call_content`(level,type,title,call_content,limit_content,dynamic_params,sort,status)
values(2,1,"提升空间","针对我的企业数字化转型的情况，请针对分数最低的两个模块给我可落地的现阶段的数字化转型可提升重点与提升后预估回报，给出三条，限制在三句话以内","","",4,1);

insert into `config_gpt_call_content`(level,type,title,call_content,limit_content,dynamic_params,sort,status)
values(2,2,"发展建议","基于我企业的状况，请给出五条利于企业数字化转型的发展建议，限制在100字以内","","",4,1);


insert into `config_gpt_call_content`(level,type,title,call_content,limit_content,dynamic_params,sort,status)
values(2,3,"风险&收益","针对我的企业数字化转型的情况,如果分数最低的两个模块做数字化转型请给我两条中肯的实施风险和预计收益,参考行业可量化平均指标;不需要总结,限制在80字以内","","",4,1);


insert into `config_gpt_call_content`(level,type,title,call_content,limit_content,dynamic_params,sort,status)
values(2,4,"推荐技术/工具","基于十种数字化转型技术工具：大数据分析，物联网IOT，人工智能，区块链，云计算，自动化流程，虚拟现实/增强现实，3D打印，针对我企业的数字化水平，请推荐三个优先级最高的技术工具，限制在三句话以内","","",4,1);


insert into `sms_pg_goods`(level,amount,title,content,img_url,sort,status)values(1,0,"普通版本","普通版本","",1,1);
insert into `sms_pg_goods`(level,amount,title,content,img_url,sort,status)values(2,0,"付费版本","付费版本","",2,1);




